"title", "url", "latitude", "longitude", "description", "logo", "active_members", "3month_transactions"
"Abrayliens","abrayliens.communityforge.net","","","","http://abrayliens.communityforge.net/system/files/st jean de braye.jpg","26","75"
"Entraide Marcilloise","agenda21marcilly69.communityforge.net","","","Plateforme d'&Atilde;&copy;changes, de trocs et de dons de Marcilly d'Azergues","http://agenda21marcilly69.communityforge.net/system/files/marcilly blason.jpg","3","0"
"Sel d'Alisse","alissel.communityforge.net","","","Cr&Atilde;&copy;ons des &Atilde;&copy;changes !","http://alissel.communityforge.net/system/files/209px-Chestnut.jpg","4","0"
"AlternatiSel","alternatisel.communityforge.net","","","Le lien est plus fort que le bien","http://alternatisel.communityforge.net/system/files/logo alternatisel v5_0.png","14","6"
"Arc-en-SEL de Campbon","arcenselcampbon.communityforge.net","","","","http://arcenselcampbon.communityforge.net/system/files/logo SEL.png","5","0"
"arcensel.communityforge.net","arcensel.communityforge.net","","","Mettez ici votre slogan","","14","3"
"Athens Integral Cooperative","athens.communityforge.net","","","&Icirc;Ÿ&Icirc;&raquo;&Icirc;&iquest;&Icirc;&ordm;&Icirc;&raquo;&Icirc;&middot;&Iuml;&Iuml;‰&Icirc;&frac14;&Icirc;&shy;&Icirc;&frac12;&Icirc;&middot; &Icirc;š&Icirc;&iquest;&Icirc;&iquest;&Iuml;€&Icirc;&micro;&Iuml;&Icirc;&plusmn;&Iuml;„&Icirc;&macr;&Icirc;&sup2;&Icirc;&plusmn; &Icirc;‘&Icirc;&cedil;&Icirc;&middot;&Icirc;&frac12;&Iuml;Ž&Icirc;&frac12;","http://athens.communityforge.net/system/files/Cooperativas ICAC1.jpg","9","15"
"avec.communityforge.net","avec.communityforge.net","5.183815","44.067689","Site de partages et de services du pi&Atilde;&copy;mont du Ventoux","http://avec.communityforge.net/system/files/logo.png","6","0"
"SEL'Idaire Bac &Atilde;&nbsp; Sable d'Annick","bac-annick.communityforge.net","","","Juste pour permettre &Atilde;&nbsp; la d&Atilde;&copy;licieuse Annick de tenter la maitrise de ses fonctions","http://bac-annick.communityforge.net/system/files/logo_selidaire_v5.jpg","2","0"
"Le grenier &Atilde;&nbsp; SEL","beaugen.communityforge.net","","","Pour changer, &Atilde;&copy;changeons!","http://beaugen.communityforge.net/sites/beaugensel.fr/files/logo_beaugency.jpg","14","15"
"BegleSel","beglesel.communityforge.net","","","","http://beglesel.communityforge.net/system/files/beglesel_ logo.jpg","15","0"
"besansel.fr","besansel.fr","6.0240539","47.237829","Pour changer, &Atilde;&copy;changeons !","http://besansel.fr/sites/univers-sel.be/files/sky_seldulac_logo.png","23","0"
"AtoutSEL","bleu.communityforge.net","","","Le lien vaut mieux que le bien","http://bleu.communityforge.net/sites/bleu.communityforge.net/files/sky_seldulac_logo.jpg","48","0"
"bosseldeloire","bosseldeloire.communityforge.net","","","Le syst&Atilde;&uml;me d'&Atilde;&copy;change local du Gennois et des environs","http://bosseldeloire.communityforge.net/system/files/Bossel de Loire C.jpg","11","0"
"Buechange solidaire","buechange.fr.nf","0","0","Syst&Atilde;&uml;me d'Echange Local","","5","6"
"Ci-Ro-SEL","cirosel.be","","","Le SEL de Ciney et Rochefort ","http://cirosel.be/sites/cirosel.be/files/sky_seldulac_logo.jpg","49","90"
"Cl&Atilde;&copy;s de SEL ","clesdesel.be","","","Le Syst&Atilde;&uml;me d'Echange Local de Gembloux et ses Villages","http://clesdesel.be/sites/clesdesel.be/files/sky_seldulac_logo.jpg","69","108"
"Coeur de Sel","coeurdesel.communityforge.net","","","","http://coeurdesel.communityforge.net/system/files/13718796_1656807027976895_4006705929821429496_n.jpg","3","0"
"Coin-JEU Toulon","coin-jeu.communityforge.net","5.928","43.124228","&Acirc;&laquo; Une alternative simple et conviviale &Atilde;&nbsp; l'argent &Acirc;&raquo;","http://coin-jeu.communityforge.net/sites/coin-jeu.communityforge.net/files/sky_seldulac_logo.png","16","0"
"Coordination PACA","coordination-paca.communityforge.net","","","Quand les Sel de la r&Atilde;&copy;gion PACA s'offrent un site....","http://coordination-paca.communityforge.net/system/files/Logo-CR-PACA.jpg","7","0"
"Bienvenue sur le site du Cprin","cprin.communityforge.net","","","Collectif Pour les Rencontres InterSel Nationales","","14","0"
"C-S-R-F-V.Bac a sable","csrfv-bacasable.communityforge.net","6.929273","46.989987","Coordination Suisse Romande &amp; France Voisine","http://csrfv-bacasable.communityforge.net/system/files/Intersel_0.jpg","10","9"
"C-S-R-F-V","csrfv.communityforge.net","6.929273","46.989987","Coordination Suisse Romande &amp; France Voisine","http://csrfv.communityforge.net/system/files/csrfv.jpg","15","9"
"Dane County TimeBank","danecountytimebank.org","0","0","Neighbors Helping Neighbors","http://danecountytimebank.org/sites/danecountytimebank.org/files/dctb_logo.gif","82","144"
"DEFISel","defisel.be","","","Pour changer..., Echangeons !","http://defisel.be/sites/defisel.be/files/sky_seldulac_logo.jpg","36","69"
"Demo (bel)","demo-bel.communityforge.net","","","Mettez ici votre slogan","","6","6"
"Demo (fra)","demo-fra.communityforge.net","","","c mon sel","","4","9"
"SELlier du Dijonnais","dijon.communityforge.net","5.031671762335463","47.315108206886485","Le lien est plus important que le bien","http://dijon.communityforge.net/sites/dijon.communityforge.net/files/sky_seldulac_logo.gif","18","0"
"&Icirc;”&Icirc;&macr;&Icirc;&ordm;&Iuml;„&Iuml;…&Icirc;&iquest; &Icirc;‘&Icirc;&frac12;&Iuml;„&Icirc;&plusmn;&Icirc;&raquo;&Icirc;&raquo;&Icirc;&plusmn;&Icirc;&sup3;&Iuml;Ž&Icirc;&frac12; &Icirc;&sect;&Icirc;&plusmn;&Icirc;&frac12;&Icirc;&macr;&Iuml;‰&Icirc;&frac12;","diktyoantallagonxanion.net","0","0","","http://diktyoantallagonxanion.net/system/files/final_logo.jpg","24","126"
"DinaSEL, le SEL de Dinant","dina-sel.net","0","0","Mettez du SEL dans votre vie !","http://dina-sel.net/sites/dina-sel.net/files/Logo.png","19","15"
"Dionys'SEL","dionyssel.org","2.3574429999999893","48.936181","Plus de lien, moins de biens !","http://dionyssel.org/sites/dionyssel.org/files/sky_seldulac_logo.jpg","16","156"
"Durbuy'SEL","durbuysel.be","5.49344","","L'abondance est le fruit du partage","http://durbuysel.be/system/files/sel.png","23","24"
"Sel en Durance O&amp;D","dur.communityforge.net","5.57","","Favoriser le lien plut&Atilde;&acute;t que le bien","http://dur.communityforge.net/sites/univers-sel.be/files/sky_seldulac_logo.png","14","27"
"R&Atilde;&copy;seau d'&Atilde;&copy;changes et savoirs-faire solidaire","echangedesavoirs.communityforge.net","","","- - - - - - - - Mise en relation entre particuliers souhaitant s&acirc;€™entraider et &Atilde;&copy;changer.","http://echangedesavoirs.communityforge.net/system/files/LOGO CASA'CO POUR IMPRESSION.jpg","10","0"
"Episel d'Epinal","episel.communityforge.net","","","","http://episel.communityforge.net/system/files/Logo EpiSEL Trans.png","47","69"
"Essen'Sel","essensel.communityforge.net","","","","http://essensel.communityforge.net/system/files/logoessensel.jpg","16","9"
"EstunSEL ","estunsel.fr","0","0","Pour changer, &Atilde;&copy;changeons !","http://estunsel.fr/sites/estunsel.fr/files/sky_seldulac_logo.jpg","24","0"
"Une &Atilde;‰tinSEL &Atilde;&nbsp; La Verri&Atilde;&uml;re","etinsel.communityforge.net","","","Ne laissez pas la peur gouverner votre vie (Nathalie Dessay)","http://etinsel.communityforge.net/system/files/etinsel.jpg","5","0"
"Biomimicry Credit Exchange","exchange.biomimicry.communityforge.net","","","Connecting the biomimicry community to our own abundance","","1","0"
"FI-SEL","fi-sel.communityforge.net","","","Le SEL du vallon de l'Artolie","http://fi-sel.communityforge.net/system/files/Logo FiSel.jpg","21","0"
"Sel Fleur de Bl&Atilde;&copy; Noir","fleurdeblenoir.fr","","","Syst&Atilde;&uml;me d'Echange Local de la r&Atilde;&copy;gion de Quimper","","32","0"
"Fleur de SEL","fleurdesel.communityforge.net","","","Echanger c'est changer ","http://fleurdesel.communityforge.net/system/files/LogoFleurdeSel.png","12","12"
"fleursdesel73.communityforge.net","fleursdesel73.communityforge.net","","","Ne vivons plus solitaires, vivons ensemble et solidaires","http://fleursdesel73.communityforge.net/system/files/thumbnail_nouveau_logo.jpg","15","24"
"Syst&Atilde;&uml;me d'Echanges Local : &quot;Sel du Forez&quot;","forez.communityforge.net","","","Bienvenue sur le site du Forez","http://forez.communityforge.net/system/files/Logo JPEG_3.jpg","15","0"
"Formations - Rencontres","formations-rencontre.communityforge.net","","","CommunityForge ses Rencontres et Formations","","2","0"
"SEL Gabare","gabare.communityforge.net","","","Le SEL de Pessac et de la M&Atilde;&copy;tropole Bordelaise depuis plus de 20 ans !!! ","http://gabare.communityforge.net/sites/gabare.communityforge.net/files/sky_seldulac_logo.jpg","27","0"
"LA GALIOTE","galiote.communityforge.net","","","Le lien est plus important que le bien","http://galiote.communityforge.net/system/files/LOGO FLYER.jpg","5","3"
"Gedisel","gedisel.communityforge.net","","","Et la Vie &Atilde;&copy;tincelle","http://gedisel.communityforge.net/system/files/logo Gedisel.jpg","14","6"
"Gestion-InterSEL","gestionintersel.communityforge.net","","","L'&Atilde;&copy;change entre Sel est le Sel de L'&Atilde;&copy;change","","4","0"
"GMSel.be","gmsel.be","","","Des &Atilde;&copy;changes &Atilde;&nbsp; l'appel","http://gmsel.be/system/files/GMselwebpetit_0.jpg","20","42"
"grain2sel.net","grain2sel.net","","","Syst&Atilde;&uml;me d'&Atilde;&copy;change local - Pays Drouais et Houdanais","http://grain2sel.net/system/files/Capture dâ€™Ã©cran 2014-08-25 Ã  09.14.42.png","18","33"
"Hou L'Beau Sel","hb-sel.be","","","Service d'&Atilde;&copy;change local Houyet - Beauraing","http://hb-sel.be/sites/hb-sel.be/files/sky_seldulac_logo.png","34","48"
"icndreux.communityforge.net","icndreux.communityforge.net","","","Initiatives Citoyennes Nouvelles","http://icndreux.communityforge.net/system/files/icn2.jpg","3","0"
"Jardin d'&Atilde;&copy;change Universel Montpellier","jeu.montpellier.communityforge.net","","","R&Atilde;&copy;seau d'&Atilde;&copy;change de biens et de service autog&Atilde;&copy;r&Atilde;&copy; et sans fronti&Atilde;&uml;res","http://jeu.montpellier.communityforge.net/system/files/image jeu reduite.png","16","0"
"Le JusteSEL de Mettet","justesel-mettet.be","0","0","On a tous quelque chose &Atilde;&nbsp; partager","http://justesel-mettet.be/system/files/LogoJusteSEL_Mettet_petit.jpg","19","45"
"SeldeGap.com","labelleseldegap.communityforge.net","","","BELLE comme Bourse d&acirc;€™Echanges Locaux Libres et Equitables","http://labelleseldegap.communityforge.net/system/files/sel_7.jpg","16","0"
"La Clef de SEL, Rochefort","laclefdesel.fr","0","0","Pour changer, &Atilde;&copy;changeons... sans argent !","http://laclefdesel.fr/sites/laclefdesel.fr/files/clef2sel.jpg","22","0"
"Les bouts d'ficelle","laficelle.communityforge.net","","","Le SEL d'Avon, de Fontainebleau et des alentours","http://laficelle.communityforge.net/system/files/Lesboutsdficelle_rÃ©duit.jpg","15","36"
"laura-intersel","laura-intersel.communityforge.net","","","Loire.AUvergne.Rhone-Alpes (LAURA) - INTERSEL PRATIQUE","","4","0"
"Le BeauSEL","lebeausel.fr","5","44","SEL de Carpentras","http://lebeausel.fr/sites/selesneux.be/files/sky_seldulac_logo.png","17","27"
"Le Galet du Buech","legaletdubuech.communityforge.net","","","Le lien plut&Atilde;&acute;t que le bien","http://legaletdubuech.communityforge.net/system/files/logo.jpg","39","60"
"Alen'Sel ","les-courts-circuits.communityforge.net","","","Plateforme d&acirc;€™&Atilde;&copy;change de coups de mains, de biens et de savoir &Atilde;&nbsp; Alen&Atilde;&sect;on et sa r&Atilde;&copy;gion.","http://les-courts-circuits.communityforge.net/system/files/logolescourtscircuitsBAT_1.png","29","9"
"leseldecrest.communityforge.net","leseldecrest.org","","","le SEL de Crest et de ses environs.","http://leseldecrest.org/system/files/le-sel-de-crest.png","126","399"
"leselducoin.communityforge.net","leselducoin.communityforge.net","","","Le SEL du Coin n'est jamais loin ","http://leselducoin.communityforge.net/system/files/LOGO le Sel Du Coin dÃ©finitif.jpg","12","0"
"Les Partag'Heures","lespartagheures.communityforge.net","","","Le temps, c'est bien plus que de l'argent, surtout lorsqu'on le partage","http://lespartagheures.communityforge.net/system/files/g3022.png","25","6"
"lochsel.communityforge.net","lochsel.communityforge.net","","","Mettez ici votre slogan","","1","0"
"Loire&amp;Sel de Blois","loireetselblois.communityforge.net","","","Mettez du sel dans votre vie : rejoignez-nous","http://loireetselblois.communityforge.net/system/files/sel_personnag.jpg","38","189"
"Macasel, SEL de Wavre","macasel.be","0","0","S'entraider entre voisins","http://macasel.be/sites/macasel.be/files/sky_seldulac_logo.jpg","75","189"
"MannaSEL","mannasel.org","","","Des liens plus que des biens","http://mannasel.org/system/files/logoMannasel3_0_1.jpg","7","0"
"MarSEL ","marsel.communityforge.net","5.381693600000062","43.2981887"," &gt; un SEL de Marseille ","http://marsel.communityforge.net/system/files/smart-collaboration.jpg","29","36"
"&Icirc;œ&Icirc;&micro;&Icirc;&raquo;&Icirc;&micro;&Icirc;&ordm;&Icirc;&iquest;&Iuml;&Icirc;&frac12;&Icirc;&sup1;","melekounia.gr","28.223595321178436","36.44838382743976","&Icirc;•&Icirc;&raquo;&Icirc;&not;&Iuml;„&Icirc;&micro; &Icirc;&frac12;&Icirc;&plusmn; &Icirc;&plusmn;&Icirc;&frac12;&Iuml;„&Icirc;&plusmn;&Icirc;&raquo;&Icirc;&raquo;&Icirc;&not;&Icirc;&frac34;&Icirc;&iquest;&Iuml;…&Icirc;&frac14;&Icirc;&micro; &Icirc;&frac14;&Icirc;&micro; &quot;&Icirc;&frac14;&Icirc;&micro;&Icirc;&raquo;&Icirc;&micro;&Icirc;&ordm;&Icirc;&iquest;&Iuml;&Icirc;&frac12;&Icirc;&sup1;&Icirc;&plusmn;&quot;...","","10","15"
"SEL/JEU : Les &Atilde;&copy;changes sans argent","memo.communityforge.net","4.880731","","&Atilde;&copy;changer en Points-Minutes des biens ou services : &Atilde;&sect;a change nos relations","http://memo.communityforge.net/system/files/logo, Ã©changes entre 5 bonhommes_0.jpg","8","0"
"MionSel - Sel de Mions","mionsel.org","0","0","PRIVILEGIER LE LIEN PLUT&Atilde;”T QUE LE BIEN ","http://mionsel.org/system/files/Mionsel.jpg","13","48"
"monselhamois.be","monselhamois.be","","","Passe-moi l'SEL","http://monselhamois.be/sites/monselhamois.be/files/sky_seldulac_logo.JPG","22","30"
"SEL des Monts du Lyonnais ","montsdulyonnais.communityforge.net","","","Je partage, tu partages, il partage, nous partageons, ....","http://montsdulyonnais.communityforge.net/system/files/logo Marie.jpg","33","0"
"Mortuasel","mortuasel.org","","","Une aventure solidaire !","http://mortuasel.org/system/files/Flocon 2.png","12","21"
"motueka.cosh.net.nz","motueka.cosh.net.nz","173.0009842","-41.1240452","Community Share Motueka - Exchange with Hours or Talents","http://motueka.cosh.net.nz/system/files/2014-03-26_1826.png","6","0"
"nacreetsel17.fr","nacreetsel17.fr","","","Une heure de ta vie vaut une heure de la mienne !","http://nacreetsel17.fr/system/files/nacreetsel.png","4","0"
"nantes-en-sel","nantes-en-sel.communityforge.net","","","Le lien avant le bien","http://nantes-en-sel.communityforge.net/system/files/LogoNes2.jpg","18","0"
"Newsletters.communityforge.net","newsletters.communityforge.net","","","L'espace d&Atilde;&copy;di&Atilde;&copy; aux newsletters CommunityForge","","4","0"
"Niver-SEL","niversel.communityforge.net","","","L'humain au coeur des &Atilde;&copy;changes","http://niversel.communityforge.net/system/files/pers du Mq pge.jpg","10","3"
"ourthsel.be","ourthsel.be","0","0","Le SEL, c'est choisir le lien au lieu des biens","http://ourthsel.be/sites/ourthsel.be/files/sky_seldulac_logo.jpg","15","15"
"Our Time Bank","ourtimebank.communityforge.net","","","Building Community in Our Corner of Los Angeles","http://ourtimebank.communityforge.net/system/files/Logo-All-People-OTB-Orange med web-.jpg","22","99"
"outre-foret.communityforge.net","outre-foret.communityforge.net","","","POUR CHANGER, ECHANGEONS !","http://outre-foret.communityforge.net/system/files/dessin logo SEL 2.jpg","17","12"
"phisel.be","phisel.be","4.5430358","50.1958462","Un monde sans SEL est sans saveur ! ","http://phisel.be/sites/phisel.be/files/sky_seldulac_logo.jpg","27","132"
"Poly SEL","poly.communityforge.net","149.569","17.535021","&Atilde;‰changer et partager en Polyn&Atilde;&copy;sie","http://poly.communityforge.net/sites/poly.communityforge.net/files/unnamed.png","16","0"
"Le Pot d'Sel du Belmont","potdseldubelmont.communityforge.net","","","Un peu de sel dans la vie !","http://potdseldubelmont.communityforge.net/system/files/SEL.jpg","14","24"
"POTES EN SEL","potesensel.communityforge.net","","","Syst&Atilde;&uml;me d'Echange Local Ami&Atilde;&copy;nois","http://potesensel.communityforge.net/system/files/fondha-bleu02.jpg","10","0"
"Radis'SEL de la r&Atilde;&copy;gion de Valmont 76","radiselvalmont.communityforge.net","","","Profitons de nos savoir-faire !","http://radiselvalmont.communityforge.net/system/files/logo_r_0.jpg","31","186"
"Ratintout.org","ratintout.communityforge.net","","","Ratintout - le SEL andr&Atilde;&copy;sien","http://ratintout.communityforge.net/system/files/ratintout_logo.png","18","9"
"The Realm Exchange","realmexchange.co.uk","-2.7960205078125","54.04326379429977","The Flexible Online Trading System for Lancaster and Morecambe backed by Gold ","http://realmexchange.co.uk/sites/realmexchange.co.uk/files/sky_seldulac_logo.jpg","1","0"
"Imagine demain...Rencontres InterSel Belgique du 6 au 9 juillet 2017","rencontre-nationale-belge-2017.communityforge.net","","","20 ans du SEL coup de pouce-Demain le SEL en Transition ?","http://rencontre-nationale-belge-2017.communityforge.net/system/files/logo_isa1.jpg","3","0"
"Imagine demain...Rencontres InterSel Belgique du 6 au 9 juillet 2017","rencontre-nationale-2017.communityforge.net","","","20 ans du SEL coup de pouce-Demain le SEL en Transition ?","http://rencontre-nationale-2017.communityforge.net/system/files/SEL_web.png","4","0"
"R&Atilde;&copy;seau Antonin ","reseau-antonin.fr","","","Coop&Atilde;&copy;rer, partager des biens ou des services, &Atilde;&nbsp; St-Antoine-l'abbaye et alentours","http://reseau-antonin.fr/system/files/sa village vu de salle fete.jpg","8","0"
"sel2mers.communityforge.net","sel2mers.communityforge.net","-4.484288","48.397804","un r&Atilde;&copy;seau d'&Atilde;&copy;change de services,de biens,de savoir-faire SANS ARGENT !","http://sel2mers.communityforge.net/system/files/16472929_1478907942150071_6019757738452807669_n.jpg","2","0"
"sel87-universel.fr","sel87.communityforge.net","","","Syst&Atilde;&uml;me d'Echange Local","","7","3"
"SEL99","sel99.fr","","","C'est CHOUETTE le S.E.L....!","http://sel99.fr/system/files/logo copie.png","19","42"
"SELadons Villeneuve la Garenne","seladonsvlg.communityforge.net","","","Echanges de services, de biens et de savoirs","http://seladonsvlg.communityforge.net/system/files/logo.png","4","6"
"Sel'Alternative","selalternative.communityforge.net","1.501719","48.800542","L'espace des alternatives et de l'entraide","http://selalternative.communityforge.net/system/files/Logo-Alternative.jpg","13","0"
"SEL d'Amay","sel-amay.communityforge.net","","","La convivialit&Atilde;&copy; &Atilde;&nbsp; port&Atilde;&copy;e de main","http://sel-amay.communityforge.net/system/files/Amayentransition.jpg","32","48"
"Le SEL Angevin","selangevin.fr","-0.5311384722426737","47.47192496532473","Pour changer &Atilde;&copy;changeons","http://selangevin.fr/system/files/SelAngevin.png","38","36"
"selarden.communityforge.net","selarden.communityforge.net","","","Privil&Atilde;&copy;gier le lien plut&Atilde;&acute;t que le bien","","21","12"
"Sel'Ardenne","selardenne.be","5.808612","50.406843","Pour changer..., Echangeons !","http://selardenne.be/system/files/Sel-ardennejpg.jpg","17","9"
"SEL Arize L&Atilde;&uml;ze","selarizeleze.communityforge.net","","","syst&Atilde;&uml;me d'&Atilde;&copy;change social","http://selarizeleze.communityforge.net/system/files/partage.jpg","7","27"
"&Atilde;‰changeons Mieux Ensemble","selaulnay.communityforge.net","","","Le SEL d'Aulnay-sous-Bois","http://selaulnay.communityforge.net/system/files/logo2_petit.png","27","33"
" SEL'Avenir","selavenir.communityforge.net","","","Syst&Atilde;&uml;me d'Echange Local de Cesson, S&Atilde;&copy;nart et les villes avoisinantes 77","http://selavenir.communityforge.net/system/files/logo sel'avenir.png","10","6"
"SEL &Atilde;&nbsp; Vie","selavie3f.communityforge.net","","","Le partage au c&Aring;“ur des 3 Fronti&Atilde;&uml;res - www.selavie.fr","http://selavie3f.communityforge.net/system/files/SEL-Ã -Vie-Logo-2.2_0.gif","22","24"
"SEL 'AVIE","selaviechaponost.communityforge.net","","","","http://selaviechaponost.communityforge.net/system/files/avatar _1.png","22","33"
"Sel &Atilde;&nbsp; vie","selavie.communityforge.net","","","Syst&Atilde;&uml;me d&acirc;€™&Atilde;&copy;changes local d&acirc;€™Orl&Atilde;&copy;ans Madeleine","http://selavie.communityforge.net/system/files/sel.jpg","12","15"
"SELavie Gaume","selaviegaume.be","5.500031","0","Syst&Atilde;&uml;me d&acirc;€™Echange Local en Gaume","http://selaviegaume.be/sites/selaviegaume.be/files/sky_seldulac_logo.jpg","14","30"
"Le Sel-Aywaille","sel-aywaille.org","5.675840","50.473180","Plateforme d'Echange: Pour celles et ceux chez qui l'entraide est une volont&Atilde;&copy; ind&Atilde;&copy;niable... ","http://sel-aywaille.org/system/files/Logo-Final.jpg","4","0"
"Sel Basse Meuse","sel-bassemeuse.communityforge.net","","","Le bonheur est dans l'&Atilde;&copy;change !","http://sel-bassemeuse.communityforge.net/system/files/1798154_314948445321434_1724267097860601323_n.jpg","3","0"
"selcalade","selcalade.communityforge.net","","","Des &Atilde;&copy;changes pour se rencontrer, des rencontres pour &Atilde;&copy;changer","http://selcalade.communityforge.net/system/files/Raisins dessin.jpg","26","63"
"sel-chevigny.be","sel-chevigny.be","5.3448617","49.9123264","On a tous quelque chose &Atilde;&nbsp; partager","http://sel-chevigny.be/system/files/Logo-Chevigny.jpg","1","0"
"selclairdelune.communityforge.net","selclairdelune.communityforge.net","","","Mettez du S.E.L dans votre vie ","http://selclairdelune.communityforge.net/system/files/like-the-wind_by_webby85.jpg","36","189"
"Selclunisois","selclunisois.communityforge.net","4.659274","46.434135","Le SEL ne s'use que si l'on ne s'en sert pas ......","http://selclunisois.communityforge.net/sites/selclunisois.communityforge.net/files/sky_seldulac_logo.JPG","72","45"
"Le SEL de Collemiers","selcollemiers.communityforge.net","","","Pour changer, &Atilde;&copy;changeons","http://selcollemiers.communityforge.net/system/files/logo.png","15","12"
"Sel Co-Naissances","selconaissances.communityforge.net","4.835659","45.764043","Faire &Atilde;&copy;merger les talents, les projets, et faciliter leur concr&Atilde;&copy;tisation","http://selconaissances.communityforge.net/system/files/Co-naissances.jpg","2","0"
"SEL coup de pouce","selcoupdepouce.be","0","0","Syst&Atilde;&uml;me d'Echange Local - &Atilde;&copy;changer, c'est changer !","http://selcoupdepouce.be/sites/selcoupdepouce.be/files/logo.jpg","171","567"
"seldebeaurepaire.fr","seldebeaurepaire.communityforge.net","","","Certains, individuellement, iront plus vite, mais Ensemble nous irons plus loin...!","http://seldebeaurepaire.communityforge.net/system/files/ampoule.jpg","30","42"
"Le p&Atilde;&cent;te &Atilde;&nbsp; sel","seldebergues.communityforge.net","","","Echanger... et changer !","","17","27"
"Syst&Atilde;&uml;me d'Echange Local de Bourges","seldebourges.communityforge.net","","","Site de &quot;Pas seul en Sel&quot;","http://seldebourges.communityforge.net/system/files/Logo_Sel_Original.png","6","6"
"SEL de Bourgoin Jallieu","seldebourgoinjallieu.fr","5.27212","45.597108","Mettez un peu de SEL dans votre vie ...","http://seldebourgoinjallieu.fr/sites/seldebourgoinjallieu.fr/files/sky_seldulac_logo.jpg","44","81"
"SEL Brian&Atilde;&sect;onnais","seldebriancon.communityforge.net","","","Syst&Atilde;&uml;me d'Echange Local de Brian&Atilde;&sect;on - Agir Ensemble Ici et Maintenant","http://seldebriancon.communityforge.net/system/files/SELB_Logo_0.jpg","13","0"
"SEL de Carbonne","seldecarbonne.fr","","","","","25","36"
"Sel De Caux","sel-de-caux.fr","0.380774","49.755601","Pour changer, &Atilde;&copy;changeons","http://sel-de-caux.fr/sites/sel-de-caux.fr/files/LOGO-SEL-PUZZLE-04A.png","15","15"
"SEL Cergy-Pontoise","seldecergypontoise.fr","2.083165","49.029829","","http://seldecergypontoise.fr/sites/seldecergypontoise.fr/files/logo_sel_de_cergy_couleur_0.jpg","176","1566"
"Le Ch&Atilde;&cent;teau de SEL","seldechateau-thierry.fr","","","Pour changer, &Atilde;&copy;changeons!","http://seldechateau-thierry.fr/system/files/lgo Chateau de Sel BD2.jpg","35","69"
"SEL de la Vall&Atilde;&copy;e du Guyoult","sel.de.dol.fr","","","En SEL ensemble","http://sel.de.dol.fr/system/files/logo.png","18","0"
"Association SEL'Idaire","seldefrance.communityforge.net","","","Association pour l'information et la promotion des SEL francophones","http://seldefrance.communityforge.net/system/files/logo_selidaire_v5.jpg","137","21"
"SEL de Grenoble","seldegrenoble.communityforge.net","","","L'&Atilde;&copy;change solidaire sans argent pour faire prosp&Atilde;&copy;rer les liens","http://seldegrenoble.communityforge.net/system/files/images_0.jpg","39","45"
"Sel de la Confluence","seldelaconfluence.communityforge.net","","","Favoriser le lien plut&Atilde;&acute;t que le bien ","http://seldelaconfluence.communityforge.net/system/files/barre_a_roue.png","8","0"
"SEL de La C&Atilde;&acute;te Saint-Andr&Atilde;&copy; ","seldelacotesaintandre.communityforge.net","","","Pour changer, &Atilde;&copy;changeons !","http://seldelacotesaintandre.communityforge.net/system/files/griottes_4.png","6","9"
"SEL de la Gondoire","seldelagondoire.org","","","Venez mettre votre grain de sel ... &Atilde;&copy;changez!","http://seldelagondoire.org/system/files/Logo_0.jpg","18","0"
"Syst&Atilde;&uml;me d'Echange Local de la Moli&Atilde;&uml;re","seldelamoliere.ch","6.822778","","Pour &Atilde;&copy;changer dans la Broye","http://seldelamoliere.ch/sites/seldelamoliere.ch/files/SEL sans texte.gif","22","21"
"Sel de l'armagnac","seldelarmagnac.communityforge.net","","","Mettez ici votre slogan","","1","0"
"Sel R&Atilde;&copy;gion Del&Atilde;&copy;mont","sel-delemont.ch","","","Donner, recevoir, se rencontrer, partager !","http://sel-delemont.ch/system/files/logo_sel_region_delemont_0.jpg","33","9"
"Sel de Loire","seldeloire.org","","","Syst&Atilde;&uml;me d'Echange Local","http://seldeloire.org/system/files/bandeau_loire_0.jpg","45","135"
"Sel de Montlu&Atilde;&sect;on","seldemontlucon.communityforge.net","","","La Pompe Bourbonnaise ","http://seldemontlucon.communityforge.net/system/files/logo forum test_0.png","8","0"
"seldenacre.communityforge.net","seldenacre.communityforge.net","","","Sel Coeur de Nacre, r&Atilde;&copy;seau d'entraide &Atilde;&nbsp; Luc sur mer","http://seldenacre.communityforge.net/system/files/logo.jpg","18","9"
"SEL de Paname","seldepaname.communityforge.net","","","Sans la g&Atilde;&copy;n&Atilde;&copy;rosit&Atilde;&copy; d'&Atilde;&copy;changer, il n'est point de lien de valeur","http://seldepaname.communityforge.net/system/files/logoSELdePaname_ombre2 b.jpg","33","21"
"SEL.Reims","seldereims.asso.st","","","Pour changer... &Atilde;&copy;changeons sans argent!","http://seldereims.asso.st/system/files/illustrationBase35p.jpg","72","396"
"Sel de Risle","selderisle.fr","","","Votre slogan ici","http://selderisle.fr/sites/selderisle.fr/files/sel3_1_0.jpg","25","66"
"SEL de Rodez","selderodez.communityforge.net","2.575986","44.349389","Syst&Atilde;&uml;me d'Echange Local du ruth&Atilde;&copy;nois","http://selderodez.communityforge.net/system/files/banniere sel de rodez.png","8","3"
"seldesbastides.communityforge.net","seldesbastides.communityforge.net","","","Pour changer, &Atilde;‰changeons !","http://seldesbastides.communityforge.net/system/files/LOGO SEL 3.jpg","10","48"
"SEL des bio th&Atilde;&copy;rapeutes","seldesbiotherapeutes.communityforge.net","","","Echanges solidaires de pratiques entre th&Atilde;&copy;rapeutes","","10","30"
"SEL des Ecluses","seldesecluses.communityforge.net","","","La rencontre de l&acirc;€™autre vaut tout l&acirc;€™or du monde","http://seldesecluses.communityforge.net/system/files/LOGO_SEL.jpg","59","108"
"SEL de Seine","seldeseine.eu","1.10","49.44","Pour changer, &Atilde;&copy;changeons ! Car le lien est plus important que le bien.","http://seldeseine.eu/sites/seldeseine.eu/files/LogoSeldeSeine5_0.png","55","87"
"seldesete-thau.com","seldesete-thau.communityforge.net","","","Soyons s&Atilde;&copy;lidaires &Atilde;&nbsp; S&Atilde;&uml;te et dans le Bassin de Thau","http://seldesete-thau.communityforge.net/system/files/logo.jpg","8","9"
"seldesevre.org","seldesevre.org","","","&quot;Il faut remplacer l'exploit solitaire par une r&Atilde;&copy;ussite solidaire&quot; Albert Jacquard","http://seldesevre.org/system/files/CSCJaunaisBlordiere_quadri.jpg","6","6"
"SEL des Lauzes","seldeslauzes.communityforge.net","","","Osez la Lauze","http://seldeslauzes.communityforge.net/system/files/Lauzes_0.jpg","54","57"
"sel des rives","seldesrives.ch","","","Pour changer &Atilde;&copy;changeons","http://seldesrives.ch/sites/seldesrives.ch/files/sky_seldulac_logo.jpg","28","9"
"SEL des Sapins","seldessapins.communityforge.net","","","Mettez ici votre slogan","http://seldessapins.communityforge.net/system/files/logo_seldessapins.png","8","0"
"S.E.L. de Terre","seldeterre.communityforge.net","","","Champignon virtuel pour &Atilde;&copy;changer des produits de nos jardins de nos vergers. La terre est g&Atilde;&copy;n&Atilde;&copy;reuse, pourquoi pas nous, vous...?","http://seldeterre.communityforge.net/system/files/sel de Terre logo 4.jpg","16","0"
"Seldethiais94","seldethiais94.communityforge.net","","","Convivialit&Atilde;&copy; et Solidarit&Atilde;&copy;!","http://seldethiais94.communityforge.net/system/files/logo SEL de Thiais_0.jpg","18","129"
"seldethomery.communityforge.net","seldethomery.communityforge.net","","","ici tout me rit","","5","6"
"SEL de Versailles","seldeversailles.communityforge.net","","","Pour changer &Atilde;&copy;changeons car le lien est plus important que le bien","http://seldeversailles.communityforge.net/system/files/logoSEL_0.jpg","35","48"
"Sel de Villefontaine et ses voisins","seldevillefontaine.fr","","","Pour changer &quot;&Atilde;&copy;changeons&quot;","http://seldevillefontaine.fr/sites/seldevillefontaine.fr/files/sky_seldulac_logo.jpeg","59","378"
"Sel de Villejuif","seldevillejuif.communityforge.net","","","Le SEL qui p&Atilde;&copy;tille","http://seldevillejuif.communityforge.net/system/files/Svilejuif_0.jpg","27","51"
"Sel d'Ici et d'Ailleurs","seldicietdailleurs.communityforge.net","0.804935","44.397248","Mettez ici votre slogan","","2","0"
"SEL d'Ille","seldille.org","0","0","","http://seldille.org/system/files/logo-val-dille.gif","1","0"
"SEL DU DROUAIS","seldrouais.org","","","Je rends service, tu rends service on re&Atilde;&sect;oit tous ...","http://seldrouais.org/system/files/logosel.jpg","11","12"
"SEL DU CIRON","selduciron.communityforge.net","","","Echangeons pour changer avec le SEL du Sud Gironde","http://selduciron.communityforge.net/system/files/logo selduciron.jpg","16","9"
"SEL du Citron","selducitron.communityforge.net","7.49267578125","43.77109381775651","Echangeons des Zestes de Citron - et de convivialit&Atilde;&copy; !","http://selducitron.communityforge.net/sites/selducitron.communityforge.net/files/sky_seldulac_logo.gif","52","36"
"seldudon.communityforge.net","seldudon.communityforge.net","","","Mettez ici votre slogan","","4","0"
"SEL d'Annemasse - Genevois","seldugenevois.fr","","","Pour changer, &Atilde;&copy;changeons !","http://seldugenevois.fr/sites/seldugenevois.fr/files/sky_seldulac_logo.jpg","46","150"
"Sel du Gobanais","seldugobanais.communityforge.net","","","Echangeons Solidaire !","","4","0"
"SEL","selduhautgiffre.communityforge.net","","","Le lien est plus important que le bien","http://selduhautgiffre.communityforge.net/system/files/logo_1.jpg","11","15"
"SEL du Havre","selduhavre.communityforge.net","","","Echanger sans argent, &Atilde;&sect;a change ! ","http://selduhavre.communityforge.net/system/files/logo-selduhavre.jpg","24","42"
"SELduLac","seldulac.ch","6.142161","46.1983922","Echangeons, pour changer !","http://seldulac.ch/sites/seldulac.ch/files/sky_seldulac_logo.gif","38","96"
"Sel","seldumaconnais.communityforge.net","","","","http://seldumaconnais.communityforge.net/system/files/sel-couleurs-a-imprimer-1.jpg","67","96"
"SEL du Maine","seldumaine.fr","0.1922334","48.000","Un Syst&Atilde;&uml;me d'Echanges Local sarthois (72)","http://seldumaine.fr/sites/seldumaine.fr/files/logo SEL site.gif","71","195"
"seldumantois.communityforge.net","seldumantois.communityforge.net","","","Bienvenue dans le SEL du Mantois !","http://seldumantois.communityforge.net/system/files/LogoSelduMantois.jpg","17","0"
"Syst&Atilde;&uml;me d'Echanges Local","seldupaysdegex.fr","","","","http://seldupaysdegex.fr/system/files/logo colibris_0.png","13","3"
"S E L du Sundgau","seldusundgau.communityforge.net","","","Mettez un peu de SEL dans votre vie !","http://seldusundgau.communityforge.net/system/files/Logo SEL du Sundgau.jpg","9","0"
"Sel en Bugey","selenbugey.communityforge.net","","","&quot;Le lien est plus important que le bien&quot;","http://selenbugey.communityforge.net/system/files/SEL-EN-BUGEY_logo couleur.jpg","20","24"
"Sel de Jou&Atilde;&copy; les Tours","selenjoue.org","","","Systeme d'Echange Local","http://selenjoue.org/system/files/logo.jpg","41","159"
"SEL Ensemble Avignon et Environs","selensemble.org","","","Le syst&Atilde;&uml;me d'&Atilde;&copy;change local d'Avignon et environs","http://selensemble.org/system/files/sel-ensemble_0.png","51","114"
"selentraide.communityforge.net","selentraide.communityforge.net","","","&quot;La rencontre de l'autre vaut tout l'or du monde&quot;","http://selentraide.communityforge.net/system/files/Logo Sel'entraide.jpg","23","0"
"Sel Entr'Amis","selentramis.communityforge.net","","","","http://selentramis.communityforge.net/system/files/Logo_maison_version_gras_v01.png","4","15"
"selenvigne.fr","selenvigne.fr","","","Pour changer, &Atilde;&copy;changeons","http://selenvigne.fr/system/files/Logo sel.jpg","11","6"
"SELeri, le SEL de Rixensart, La Hulpe et environs","seleri.be","4.52156","50.712636","Pour changer, &Atilde;&copy;changeons !","http://seleri.be/sites/seleri.be/files/sky_seldulac_logo.jpg","113","276"
"SELesneux","selesneux.be","5.568371999999954","0","Les feuilles font l'arbre","http://selesneux.be/sites/selesneux.be/files/sky_seldulac_logo.jpg","70","105"
"Sel Est","selest-bassin-pompey.communityforge.net","","","Syst&Atilde;&uml;me local d'&Atilde;&copy;changes et d'entraide du bassin de Pompey","http://selest-bassin-pompey.communityforge.net/system/files/logo_selest_temporaire.jpg","16","9"
"SEL-EST DE MONTREUIL","sel-est-de-montreuil.org","","","Pour changer, &Atilde;&copy;changeons","http://sel-est-de-montreuil.org/sites/sel-est-de-montreuil.org/files/sky_seldulac_logo.jpg","26","72"
"Sel'Ethik","selethik.communityforge.net","","","Syst&Atilde;&uml;me d'Echange Local des quartiers sud de Marseille","http://selethik.communityforge.net/system/files/selethik_logo.png","19","135"
"selfleurdeseine.communityforge.net","selfleurdeseine.communityforge.net","","","Le SEL, j'aime!","http://selfleurdeseine.communityforge.net/system/files/Nouveau logo 3 fleurs CK.jpg","37","105"
"SEL Franches-Montagnes","sel-fm.ch","6.95645","47.22417","... allez aux pives...","http://sel-fm.ch/system/files/sel2.jpg","52","42"
"SEL de Fontaine - Is&Atilde;&uml;re","selfontaine.communityforge.net","","","Pour changer, &Atilde;&copy;changeons.","","13","33"
"SEL'F","selfosselaville.communityforge.net","","","Bienvenue au SEL'Fosses-la-ville","http://selfosselaville.communityforge.net/system/files/1506746_102864036746772_110772153149611913_n_0.jpg","6","3"
"SEL des Grandes Terres","selgrandesterres.communityforge.net","","","Le SEL du Sud Est Lyonnais","http://selgrandesterres.communityforge.net/system/files/echanges.png","21","57"
" SEL &Atilde;&reg; Guer","seliguer.org","",""," Bro SEL iande","http://seliguer.org/system/files/LogoSEL_i_Guer.png","11","12"
"seljaime","seljaime.communityforge.net","","","&Acirc;&laquo; La rencontre de l'autre vaut tout l'or du monde &Acirc;&raquo;","","12","6"
"SEL de la vall&Atilde;&copy;e de la Jogne","seljogne.ch","7.2046","46.6019","Donner - Recevoir - Partager - Se rencontrer","http://seljogne.ch/sites/seljogne.ch/files/logo_arbre_francais_0.jpg","26","33"
"SEL La Chaux-de-Fonds","sel-la-chaux-de-fonds.communityforge.net","","","Syst&Atilde;&uml;me d'Echanges Local","http://sel-la-chaux-de-fonds.communityforge.net/system/files/Logo.jpg","48","42"
"SEL La Pigouille","sellapigouille.org","","","Pour changer le Monde, Echangeons...","http://sellapigouille.org/sites/sellapigouille.org/files/sky_seldulac_logo.jpg","4","0"
"selmaichois.communityforge.net","selmaichois.communityforge.net","","","Toutes les grandeurs de ce monde ne valent pas un bon amis","","5","0"
"march'SEL","sel.marche.be","0","0","","","88","156"
"Sel de Monblanc en Sav&Atilde;&uml;s","sel-monblanc-saves.communityforge.net","","","sel-monblanc-saves.communityforge.net","http://sel-monblanc-saves.communityforge.net/system/files/logo_ok.jpg","22","39"
"SelOGAzion","selogazion.communityforge.net","","","La solidarit&Atilde;&copy; comme monnaie...","http://selogazion.communityforge.net/system/files/logo_selogazion.jpg","27","33"
"SEL'ons-nous","selonnous.communityforge.net","","","SYSTEME D'ECHANGE LOCAL DE CAVAILLON ET SES ENVIRONS","http://selonnous.communityforge.net/system/files/logoV1selonnous.png","28","27"
"S.E.L. d'Orvault &quot;Les Rousinettes&quot;","selorvaultrousinettes.communityforge.net","","","Le SEL pour cr&Atilde;&copy;er du lien","http://selorvaultrousinettes.communityforge.net/system/files/logo_rousinettes.jpg","7","0"
"seloullins.communityforge.net","seloullins.communityforge.net","","","le lien plut&Atilde;&acute;t que le bien - SEL Cailloullin","http://seloullins.communityforge.net/system/files/logo.jpg","66","168"
" SELozange ","selozange.communityforge.net","","","Le LIEN est plus important que le BIEN","http://selozange.communityforge.net/system/files/logo-selozange.png","14","21"
"SEL'Pastel","selpastel.lescigales.org","","","Pour changer, &Atilde;&copy;changeons!","","4","0"
"selpowaimes.be","selpowaimes.be","0","0","Les rimes font le po&Atilde;&uml;me","http://selpowaimes.be/sites/selpowaimes.be/files/sky_seldulac_logo.jpg","39","48"
"SEL Pyr&Atilde;&copy;n&Atilde;&copy;en","selpyreneen.org","0","0","Pour changer, Echangeons","http://selpyreneen.org/sites/selpyreneen.org/files/sky_seldulac_logo.gif","11","12"
"selracan37.fr","selracan37.fr","","","Echanges de services de biens et de savoirs","http://selracan37.fr/system/files/coqlogo2_0.jpg","20","54"
"selrit.communityforge.net","selrit.communityforge.net","","","Syst&Atilde;&uml;me d'Echanges Local de Saint Maixent L'Ecole et ses environs","http://selrit.communityforge.net/system/files/Logo.jpg","7","0"
"SEL Saint-Chamond","sel-saintchamond.communityforge.net","","","Pour changer, &Atilde;&copy;changeons","http://sel-saintchamond.communityforge.net/system/files/Bandeau_chat.png","2","0"
"SEL St M&Atilde;&copy;dard en Jalles","sel-saint-medard-en-jalles.communityforge.net","","","Syst&Atilde;&uml;me d'Echange Local, association &Atilde;&nbsp; but non lucratif","http://sel-saint-medard-en-jalles.communityforge.net/system/files/logo_sel_de_cergy_couleur.png","15","9"
"SEL Serein","selserein.be","5.509681","","Le SEL de SERAING ... (et BONCELLES, OUGREE, JEMEPPE) !","http://selserein.be/sites/selserein.be/files/sky_seldulac_logo.png","10","0"
"SEL de Saint Martin d'Uriage","selsmu.communityforge.net","","","","http://selsmu.communityforge.net/system/files/Raspberry_Pi_Logo.png","20","60"
"Selsourire - Smilets","selsourire.communityforge.net","","","Tendre la main c'est apporter un sourire &Atilde;&nbsp; l'autre","http://selsourire.communityforge.net/system/files/sourire-2.jpg","16","18"
"Sel de St-Jean","selstjean.communityforge.net","","","Syst&Atilde;&uml;me d'&Atilde;‰change Local de Saint-Jean Bonnefonds, La Talaudi&Atilde;&uml;re, Sorbiers","http://selstjean.communityforge.net/system/files/Capture dâ€™eÌcran 2016-09-23 aÌ€ 17.08.44.png","19","69"
"SEL St Seb","selstseb.asso.st","","","Pour changer, &Atilde;&copy;changeons...","http://selstseb.asso.st/system/files/Logo.gif","11","0"
"selsudsaintebaume.communityforge.net","selsudsaintebaume.communityforge.net","","","","http://selsudsaintebaume.communityforge.net/system/files/LogoSSSB-1.jpg","32","45"
"S.E.L. THONON-LEMAN","selthonon.communityforge.net","","","Se rendre service, &Atilde;&sect;a n'a pas de prix","http://selthonon.communityforge.net/system/files/logo-stl.jpg","7","12"
"Sel'titude","seltitude.communityforge.net","","","Le lien est plus important que le bien","http://seltitude.communityforge.net/system/files/LOGO Sel'titude dÃ©finitif.jpg","17","9"
"SEL de Villeneuve d'Ascq","sel-vascq.communityforge.net","","","&quot;L'Arbre&quot; : Le Lien est plus Important que le Bien","http://sel-vascq.communityforge.net/system/files/arbre_logo_0_0.gif","49","279"
"Sel Villepintois ","selvillepintois.communityforge.net","","","S&Atilde;&copy;lons ensemble &Atilde;&nbsp; Villepinte.....","http://selvillepintois.communityforge.net/system/files/FB_IMG_1475959083173.jpg","8","12"
"Selwyn Timebank","selwyntimebank.net.nz","172.4780765","-43.6423962","Time Banking refers to a pattern of reciprocal service exchange which uses units of time as currency.","","25","51"
"selygo.communityforge.net","selygo.communityforge.net","","","La rencontre de l'autre vaut tout l'or du monde","http://selygo.communityforge.net/system/files/SELyGo - logo - recherche couleurs - 5 (2).jpg","13","36"
"SEL des 100Boules","semboules.communityforge.net","","","&quot;Le lien vaut mieux que le bien&quot;","http://semboules.communityforge.net/system/files/LOGO ABEILLE 100BOULES COULEURS.jpg","5","18"
"SEL du S&Atilde;&copy;nonais","senonais.communityforge.net","3.273157","","Pour changer, &Atilde;&copy;changeons !","http://senonais.communityforge.net/sites/senonais.communityforge.net/files/sky_seldulac_logo.jpg","12","21"
"Solisel.communityforge.net","solisel.communityforge.net","","","&quot;L'horloge de la solidarit&Atilde;&copy; humaine&quot;","http://solisel.communityforge.net/system/files/16467370_379506089074277_344700650_n.jpg","12","9"
"souri'SEL ","sourisel68.fr","7.4072299","47.7478404","Syst&Atilde;&uml;me Echange Local","http://sourisel68.fr/system/files/logo_1.jpg","16","84"
"S&Atilde;&raquo;re en SEL","sureensel.communityforge.net","","","Un grain de SEL dans votre vie...","http://sureensel.communityforge.net/system/files/Logo 2.jpeg","5","6"
"suresnesensel.org","suresnesensel.communityforge.net","","","Chacun peut y mettre son grain","http://suresnesensel.communityforge.net/system/files/MMONOT_SEL_SURESNES_LOGO.png","18","27"
"SWAPENGO","swapengo.communityforge.net","","","Booste ta vie gr&Atilde;&cent;ce &Atilde;&nbsp; ton r&Atilde;&copy;seau !","http://swapengo.communityforge.net/system/files/LogoSwapengo3 copie.jpg","1","0"
"Club TalenSeL","talensel.communityforge.net","","","Syst&Atilde;&uml;me d'&Atilde;&copy;change local ","http://talensel.communityforge.net/system/files/logo_grand.png","24","0"
"TAUSCHRING EIFELGOLD","tauschring-eifelgold.be","","","Partnerschaftliches Geben und Nehmen","http://tauschring-eifelgold.be/system/files/Logo_TR_Eifelgold_kl_0_0.jpg","17","12"
"C-S-R-F-V","tcsrfv.communityforge.net","6.929273","46.989987","Coordination Suisse Romande &amp; France Voisine","http://tcsrfv.communityforge.net/system/files/csrfv.jpg","16","9"
"terrederichesse.communityforge.net","terrederichesse.communityforge.net","","","Terre de &quot;R&Atilde;&copy;seau Inter-Communautaire Humaniste d' Echanges Sociaux Solidaires et Equitable&quot;","http://terrederichesse.communityforge.net/system/files/logo - Copie_0.jpg","4","0"
"tersel07.communityforge.net","tersel07.communityforge.net","","","un SEL pr&Atilde;&uml;s de chez vous","http://tersel07.communityforge.net/system/files/T07.logo ombreÌ_0.jpg","9","6"
"TigySEL","tigysel.communityforge.net","","","Service d'Echange Local des environs de Tigy","http://tigysel.communityforge.net/system/files/LOGO TIGYSEL.png","7","3"
"Tous en SEL","tousensel.com","0","0","Le SEL de Maisons-Laffitte, Mesnil Le Roi, Sartrouville","http://tousensel.com/system/files/LogoMLDD-TousEnSel-site.png","47","54"
"troqueurs-de-lin.communityforge.net","troqueurs-de-lin.communityforge.net","","","Mettez ici votre slogan","http://troqueurs-de-lin.communityforge.net/system/files/lin.jpg","5","0"
"tuffe-faluns.communityforge.net","tuffeetfaluns49.fr","","","Tuffe et Faluns","http://tuffeetfaluns49.fr/system/files/LOGO Tuffe et Faluns.jpg","12","0"
"uneileversel","uneileversel.communityforge.net","","","donne la priorite au relationnel face &Atilde;&nbsp; la monnaie","http://uneileversel.communityforge.net/system/files/logo_sel_70x30_couleur.png","5","0"
"Unis-Vers-Sel (asbl)","unis-vers-sel.net","0","0","Soyons dans le pr&Atilde;&copy;sent, partageons notre temps!","http://unis-vers-sel.net/sites/unis-vers-sel.net/files/Log_72ppp.png","53","126"
"UniverSel","universlesel.communityforge.net","5.078709125518799","49.89420588298097","UniverSel Bertrix-Paliseul. Ardennais certes, mais solidaires! ","http://universlesel.communityforge.net/sites/univers-sel.be/files/sky_seldulac_logo.png","19","27"
"Le Sel du M&Atilde;&copy;l&Atilde;&uml;ze","valdeblore.communityforge.net","","","cr&Atilde;&copy;er du lien en montagne","http://valdeblore.communityforge.net/system/files/logo_meleze.jpg","27","21"
"VexinSEL","vexinsel.communityforge.net","","","Troc &amp; Trucs","http://vexinsel.communityforge.net/system/files/Logocouleur.jpg","4","0"
"video.communityforge.net","video.communityforge.net","","","Ensemble !","","4","0"
"viens.communityforge.net","viens.communityforge.net","","","Mettez ici votre slogan","http://viens.communityforge.net/system/files/image viens.png","1","0"
"Westie LETS","westielets.org.uk","0","0","","http://westielets.org.uk/sites/westielets.org.uk/files/westie_logo_websize_0.jpg","8","0"
"selpaysdewissembourg.communityforge.net","wissensel.communityforge.net","","","&quot;l'horloge de la solidarit&Atilde;&copy; humaine&quot;","http://wissensel.communityforge.net/system/files/16467370_379506089074277_344700650_n.jpg","3","9"
